date,TimeID,HUFL,HULL,MUFL,MULL,LUFL,LULL,OT
7/1/2016,11.5,5.322041671,2.603625024,1.98695832,0.898749987,3.312333336,1.496208345,21.07183337
7/2/2016,35.5,8.009500067,4.108208358,5.12741667,2.009124989,2.868291696,1.639749994,22.03920833
7/3/2016,59.5,10.4963334,4.995624999,7.176624974,2.542208329,3.326416681,1.879458338,26.62637504
7/4/2016,83.5,10.50187504,5.408583313,6.956124961,2.728833333,3.352999995,1.906208331,27.16266648
7/5/2016,107.5,11.36991664,5.377833347,7.711124996,2.682833354,3.545916637,2.014041662,30.10258317
7/6/2016,131.5,10.80049996,4.738874982,7.414916655,2.292083331,3.22483334,1.813624988,30.02066652
7/7/2016,155.5,11.80237508,4.853208323,8.617291748,2.465291644,3.101708353,1.672624975,31.20479147
7/8/2016,179.5,11.48145831,4.590999941,7.93475008,2.246083344,3.426749994,1.71966665,31.26924984
7/9/2016,203.5,11.84995846,4.532291671,8.291541656,2.130583314,3.394916674,1.714541644,30.36650006
7/10/2016,227.5,11.19674992,4.015958339,7.293499986,1.727875007,3.783250004,1.665208325,29.33170859
7/11/2016,251.5,10.44875002,3.432708308,6.908624987,1.408124983,3.39487502,1.383291662,31.64725002
7/12/2016,275.5,10.57158335,2.966499969,7.832458317,1.590083322,2.649874985,1.010208329,35.86229197
7/13/2016,299.5,12.27679165,3.759166668,8.580250005,1.831541642,3.585208376,1.276749988,36.03820817
7/14/2016,323.5,9.759666642,2.707166672,7.132249912,1.177166652,2.591583342,1.026750001,33.78700026
7/15/2016,347.5,9.885000009,2.704250013,6.59179163,0.997833325,3.210875029,1.203208335,29.07087517
7/16/2016,371.5,8.115791579,2.145999998,5.86466672,0.796458328,2.161291684,0.946791666,31.31908329
7/17/2016,395.5,9.262791673,2.372000019,6.828625023,1.088249991,2.403791676,0.964583335,34.46995846
7/18/2016,419.5,10.85629165,2.796208332,7.531875035,1.051250002,3.393791626,1.21958333,35.22037506
7/19/2016,443.5,9.820916673,2.517208333,7.275791685,1.116333347,2.405041665,0.953166661,32.37124984
7/20/2016,467.5,10.85900001,2.695750003,7.163250009,0.953499998,3.544666668,1.224708329,34.00691653
7/21/2016,491.5,12.32433335,3.491333301,9.284916579,1.714625002,2.98241666,1.064791669,35.68054183
7/22/2016,515.5,12.88816663,3.641958321,8.561041633,1.733791652,4.194458316,1.321041668,37.50975021
7/23/2016,539.5,12.60895836,3.262458334,8.848208388,1.384333322,3.670250018,1.133291667,38.50325044
7/24/2016,563.5,14.75224996,4.063458264,9.772208294,1.730791656,4.96875,1.428916653,40.56966702
7/25/2016,587.5,12.5084583,1.705291674,8.118333353,-0.173208344,4.245249977,1.24879166,41.28191678
7/26/2016,611.5,14.77187514,1.401125009,9.566333313,-0.907541665,5.068833361,1.387249986,40.4671669
7/27/2016,635.5,14.98116672,1.933916671,10.18216668,-0.110999999,4.57008333,1.262791678,39.97166681
7/28/2016,659.5,15.94683345,2.427999988,10.52420831,0.005875001,5.43566666,1.487458338,40.54337486
7/29/2016,683.5,15.06491673,2.793500011,10.24154164,0.66033333,4.811166694,1.365625004,40.71041679
7/30/2016,707.5,16.93766669,2.843791695,11.48220837,0.33895833,5.371000002,1.498875,41.43725014
7/31/2016,731.5,21.36700058,3.617000103,16.34600067,0.532999992,4.659999847,1.248999953,38.26900101
8/1/2016,755.5,15.76816662,2.653999984,11.35050007,0.490041666,4.304791689,1.256458327,36.06454166
8/2/2016,779.5,14.66304187,2.894083306,10.05933336,0.756541666,4.629791627,1.413916652,35.80662489
8/3/2016,803.5,7.649541666,2.040249993,5.118500034,0.775833343,2.594166656,0.882000002,31.69720817
8/4/2016,827.5,8.947499971,4.166916659,6.385958354,2.768708358,2.528166657,0.922583329,33.11295811
8/5/2016,851.5,10.82570835,4.948083311,8.127166668,3.395166675,2.613208334,1.038124998,34.15058279
8/6/2016,875.5,11.64333344,5.15474998,8.045708319,3.158208321,3.652583381,1.195500001,36.11741702
8/7/2016,899.5,11.300125,5.08754166,8.099125028,3.40108333,3.247791668,1.048249987,34.75729132
8/8/2016,923.5,12.98295832,5.358291696,9.413874984,3.467625002,3.483833303,1.158666655,34.44370794
8/9/2016,947.5,14.59329168,5.799249967,10.13054176,3.492833346,4.292125026,1.392166669,33.77533341
8/10/2016,971.5,14.07970838,5.612416635,10.15712506,3.584583342,3.797166675,1.255208341,32.16029191
8/11/2016,995.5,13.73108341,5.525750001,8.781499982,3.310708346,4.846791645,1.484958351,30.99383322
8/12/2016,1019.5,14.85841652,5.656916628,10.58037496,3.455791645,4.11833334,1.303375006,31.13154165
8/13/2016,1043.5,16.20912496,5.581499994,10.82637505,3.184874991,5.289708396,1.52791667,32.48270837
8/14/2016,1067.5,15.24916665,5.380708337,10.55679162,2.974583338,4.634833336,1.384624998,32.45049993
8/15/2016,1091.5,15.77929175,5.880291661,10.30812506,3.300291682,5.349291702,1.554750005,32.43870839
8/16/2016,1115.5,14.13279164,4.987166663,9.449250022,2.699125012,4.563750029,1.346458326,32.25391682
8/17/2016,1139.5,14.8165834,5.693166693,10.34666671,3.491333336,4.427958339,1.389541663,31.52429191
8/18/2016,1163.5,16.09750005,6.181666692,10.46208326,3.477833326,5.554958304,1.644708325,32.72900041
8/19/2016,1187.5,17.31991665,5.729499976,12.23291667,3.150708318,5.051083326,1.470791658,35.10904193
8/20/2016,1211.5,13.99604164,5.260749976,10.10083334,3.214541669,3.910125027,1.19295834,32.71437478
8/21/2016,1235.5,12.3467083,4.67474999,8.935500006,2.933166688,3.285708338,1.04324999,28.79533315
8/22/2016,1259.5,12.74287498,4.817083329,8.938583314,3.063375026,3.686916674,1.189166675,28.07433335
8/23/2016,1283.5,12.37737501,5.244041641,9.043750028,3.378875027,3.228666643,1.035624993,29.14408334
8/24/2016,1307.5,12.25729167,5.243916651,8.851166645,3.467583348,3.367083301,1.081208321,29.58683324
8/25/2016,1331.5,13.23133333,4.763916681,9.10133328,2.788041676,4.071208348,1.204458326,29.99712483
8/26/2016,1355.5,10.62474998,4.59087499,8.238208413,3.063375004,2.394916683,0.920125,26.07229177
8/27/2016,1379.5,10.86754165,4.540749977,7.608875036,2.878208319,3.10937501,1.205666669,25.24004149
8/28/2016,1403.5,8.138041576,3.935208331,5.675166667,2.54079169,2.319916646,0.961958329,25.43620825
8/29/2016,1427.5,8.57616669,4.317583332,6.021791736,2.822041661,2.410000006,1.045666665,25.75579159
8/30/2016,1451.5,11.12979164,5.140833328,7.940541665,3.349124978,3.113249992,1.186625001,26.55308326
8/31/2016,1475.5,13.79800034,4.622000217,12.36600018,3.055999994,1.85800004,0.822000027,25.04400063
9/1/2016,1499.5,11.11587501,4.48770837,7.626708409,2.595583354,3.39108333,1.345249996,27.59666657
9/2/2016,1523.5,10.2534583,4.917499959,7.474124988,3.118208339,2.736291662,1.193041665,27.57887498
9/3/2016,1547.5,11.32795833,5.416999996,7.785125037,3.509208351,3.474916667,1.364374993,28.19158339
9/4/2016,1571.5,9.246083339,4.2560833,6.82433331,2.842749983,2.421458329,1.027958333,26.8021667
9/5/2016,1595.5,9.608874877,5.054291666,7.121791701,3.400999993,2.364375005,1.048291668,26.20133368
9/6/2016,1619.5,8.361250024,4.027124971,5.64545837,2.599999989,2.728583366,1.093916662,22.50508332
9/7/2016,1643.5,7.624541601,4.085791667,5.590833346,2.676999981,1.955708325,0.899791658,21.55550003
9/8/2016,1667.5,8.958666662,4.48483333,5.884124994,2.786541676,2.977291678,1.197958335,24.39287496
9/9/2016,1691.5,9.898958346,4.599333306,7.503791571,2.931708321,2.306000004,1.049499998,26.19850008
9/10/2016,1715.5,9.578291655,4.696958343,7.160208285,3.093041683,2.281874975,1.035541661,26.02833335
9/11/2016,1739.5,10.74749992,4.40670834,7.613374958,2.650291652,2.977458323,1.170166664,23.96199989
9/12/2016,1763.5,8.330666622,4.063499967,6.046916644,2.759875017,2.086499994,0.978416661,23.24087501
9/13/2016,1787.5,10.05550005,4.07479165,7.426791628,2.685791671,2.47224999,0.854166662,25.21650012
9/14/2016,1811.5,8.609624962,4.392791639,6.53687497,2.949416652,2.034458319,0.922666661,22.90387487
9/15/2016,1835.5,7.73620832,3.40458335,4.949708323,1.976583324,2.601708338,0.913750003,19.23112516
9/16/2016,1859.5,5.528583338,2.743208319,3.587499976,1.670083344,1.805999979,0.724708329,17.23208316
9/17/2016,1883.5,7.403999964,3.667249997,5.373166601,2.30825002,1.950708345,0.873124997,22.84816654
9/18/2016,1907.5,9.324125052,4.498791685,6.369750023,2.853208343,2.840333357,1.119333329,24.56283339
9/19/2016,1931.5,8.048624933,3.851416667,6.063208282,2.561416671,1.954583327,0.857874997,23.24675012
9/20/2016,1955.5,9.078458289,3.999249985,6.049833328,2.410374999,2.854249979,1.126958343,23.35516659
9/21/2016,1979.5,9.198458373,3.653125013,7.152833253,2.220875012,1.959541659,0.878250003,22.71629151
9/22/2016,2003.5,8.70737495,3.488541682,5.80550005,1.915833329,2.799625039,1.077416676,22.17691692
9/23/2016,2027.5,8.372458319,3.74816667,6.302999943,2.357166658,1.950749993,0.832541669,22.47287496
9/24/2016,2051.5,10.192125,4.300750007,7.238833338,2.678374986,2.833958333,1.095166656,23.58383346
9/25/2016,2075.5,9.519458274,4.010499994,7.327583353,2.534916659,2.043249975,0.887166664,24.13783344
9/26/2016,2099.5,9.773499945,4.465333303,6.898333391,2.897624994,2.731166661,0.950583334,24.24929166
9/27/2016,2123.5,9.723249951,3.689541648,7.536458353,2.42066665,2.099125003,0.80204167,24.53341675
9/28/2016,2147.5,9.759499937,3.845791628,7.021124999,2.389750001,2.660166649,0.927666678,18.53341655
9/29/2016,2171.5,6.365916669,2.75999999,4.558874995,1.782666681,1.807374979,0.624333336,11.19974995
9/30/2016,2195.5,7.593958278,3.845875015,5.199875007,2.351125012,2.359208326,1.081333342,14.86095834
10/1/2016,2219.5,7.909250021,3.18991665,5.460458309,1.896749992,2.399958322,1.03558333,19.06695851
10/2/2016,2243.5,6.890541633,1.914500025,4.631416688,0.719541665,2.275541673,0.927666674,19.87016662
10/3/2016,2267.5,8.132583261,2.888458346,5.167333305,1.519083333,2.950791662,1.047041674,22.1945831
10/4/2016,2291.5,8.101750016,3.932416623,5.885416647,2.542166655,2.050958325,0.786916661,22.4817915
10/5/2016,2315.5,9.064541677,3.893333316,6.120791614,2.368958349,2.835166663,0.951791662,24.2316668
10/6/2016,2339.5,8.944583316,3.798249975,6.018833349,2.281708342,2.860666662,1.012833337,20.64979164
10/7/2016,2363.5,8.56779166,3.761958321,6.596166641,2.500749965,1.984874998,0.797124994,18.03224997
10/8/2016,2387.5,8.81629163,3.957541644,5.916666696,2.480000019,2.769208347,1.00000001,19.98433328
10/9/2016,2411.5,8.29158324,3.828916639,6.314874947,2.555541654,1.863083333,0.762624999,18.29608337
10/10/2016,2435.5,8.950125097,4.105291665,6.085458309,2.601416682,2.865708321,1.075041664,18.09674986
10/11/2016,2459.5,8.54824992,3.209374994,6.55020828,2.049166689,1.930375015,0.799583336,17.7538751
10/12/2016,2483.5,7.565874954,3.349000002,5.171666702,2.243249997,2.307291679,0.741124995,17.12358348
10/13/2016,2507.5,8.138083339,3.566708341,6.221458326,2.454916686,1.878291666,0.700499994,16.91841666
10/14/2016,2531.5,9.533541719,3.725708343,6.733916611,2.214916644,2.77683335,1.011541655,15.40591661
10/15/2016,2555.5,7.962249934,2.757374987,6.070500006,1.594708321,1.816125011,0.731041662,17.84462496
10/16/2016,2579.5,8.556708257,3.25120835,6.028958281,1.901208357,2.505208338,0.903624999,20.66733329
10/17/2016,2603.5,7.819999973,2.921916693,6.298458278,2.000333334,1.470916671,0.639708335,19.76166669
10/18/2016,2627.5,7.962249975,1.241875003,5.58041662,1.63008332,2.427833348,-0.758916664,19.14900017
10/19/2016,2651.5,8.71012497,1.710874996,7.099583288,2.318666662,1.501291667,-0.991250001,19.98445837
10/20/2016,2675.5,7.239458402,1.046625007,5.448666632,1.651041669,1.665166671,-0.982458336,16.24133348
10/21/2016,2699.5,9.34087497,1.964708348,6.631708244,2.312833359,2.534375007,-0.751416663,17.29954151
10/22/2016,2723.5,7.602291703,1.152666684,5.589333345,1.542708334,1.880833338,-0.758999999,13.19012487
10/23/2016,2747.5,8.523166597,1.987041677,6.288249979,2.21495835,2.165125012,-0.632041668,15.27995821
10/24/2016,2771.5,11.3669583,2.782291661,8.605291695,1.890833352,2.729916637,0.15620834,17.57204171
10/25/2016,2795.5,8.598541597,3.371375029,6.600749949,2.14691665,1.871958325,0.72975,13.79679167
10/26/2016,2819.5,10.04145831,3.946374993,6.834583322,2.188333342,3.111958345,1.238833338,10.69558324
10/27/2016,2843.5,9.921374857,4.551749984,7.377999982,2.724375,2.524374987,1.241249996,12.89104168
10/28/2016,2867.5,8.414374888,1.866958334,6.242333293,2.263833335,2.123249988,-0.690458332,12.10258341
10/29/2016,2891.5,9.664625068,1.886541676,6.810916593,2.115916654,2.752708346,-0.711916664,8.840249996
10/30/2016,2915.5,7.624624988,1.186125002,5.578999986,1.739708328,1.866916666,-0.904999992,13.19012495
10/31/2016,2939.5,11.31999969,2.611999989,7.106999874,2.594000101,3.746000051,-0.547999978,13.15499973
11/1/2016,2963.5,7.627374947,0.820500007,5.596750001,1.294041667,1.84025,-0.918916655,10.75433346
11/2/2016,2987.5,7.295249979,0.946250007,5.411666642,1.508749997,1.839125007,-0.936583323,13.74125008
11/3/2016,3011.5,10.20887492,2.182541667,7.364708443,2.323166671,2.811166664,-0.678999993,17.49295851
11/4/2016,3035.5,8.860916674,1.652208353,6.793124984,1.998875008,2.097833335,-0.798250005,18.04983334
11/5/2016,3059.5,9.075666626,1.833583321,6.317833315,2.004749999,2.677916676,-0.695541661,19.4832085
11/6/2016,3083.5,7.602125088,1.186125013,5.684083343,1.729374995,1.828958347,-0.927791662,18.25212511
11/7/2016,3107.5,9.352125009,1.694166668,6.806374917,1.995833335,2.51166666,-0.828791661,13.56233331
11/8/2016,3131.5,8.040416618,1.188958329,6.038041592,1.670208327,1.982374991,-0.882166671,9.769499997
11/9/2016,3155.5,7.945624928,1.15829166,5.444249928,1.625625014,2.346666684,-0.99120833,9.957000076
11/10/2016,3179.5,9.455375035,2.204708324,7.3527084,2.668124996,2.052166671,-0.844041662,12.63316667
11/11/2016,3203.5,9.957708319,2.416791675,7.201833377,2.694666664,2.747666697,-0.743749997,15.29770823
11/12/2016,3227.5,9.000416676,2.380499984,6.394833406,2.671041667,2.48879165,-0.689166663,16.74841646
11/13/2016,3251.5,8.922250053,2.241000008,6.066208362,2.571875001,2.836374998,-0.646041661,18.70058346
11/14/2016,3275.5,8.570666631,2.268916655,6.445041597,2.861999994,1.984958326,-0.903583321,19.03175012
11/15/2016,3299.5,9.687000016,3.711874992,6.682083408,2.785083314,2.825125014,0.321083332,14.45924993
11/16/2016,3323.5,8.751999994,3.954624963,6.603583306,2.747958287,2.019083351,0.662416663,12.89991669
11/17/2016,3347.5,9.589333316,3.681083371,6.853791614,2.360125025,2.728624999,0.838958329,15.21250001
11/18/2016,3371.5,8.537125012,3.781666696,6.50150003,2.719999999,1.958250001,0.663666668,17.12658334
11/19/2016,3395.5,11.1409167,4.82812501,8.007249991,3.292791699,3.025708333,0.953166666,19.6620001
11/20/2016,3419.5,7.189124982,3.214999984,5.050500016,2.146833345,2.170124973,0.730958338,14.16025003
11/21/2016,3443.5,9.26562506,3.689416652,6.612458309,2.333458321,2.412666683,0.757708327,14.8256251
11/22/2016,3467.5,9.885125021,3.85133336,6.876083374,2.429666664,2.927749991,0.775541663,5.824124992
11/23/2016,3491.5,9.92416664,3.683791657,7.755541603,2.645916671,2.242624993,0.545708332,3.027833298
11/24/2016,3515.5,9.32133333,3.508166661,6.927916646,2.509791652,2.431708341,0.678958333,6.079166651
11/25/2016,3539.5,9.293458402,3.418791652,6.646541655,2.255000005,2.48104168,0.728541666,7.310208341
11/26/2016,3563.5,10.16700002,3.764833351,7.03595837,2.408958346,3.059833338,0.847666661,8.772833327
11/27/2016,3587.5,9.717666665,4.069125007,7.247666677,2.85466665,2.37833333,0.719624996,13.75575002
11/28/2016,3611.5,10.88699998,4.426291645,7.718416611,3.023541669,3.101749991,0.946791664,13.52424991
11/29/2016,3635.5,9.860041598,4.054958378,7.773250053,2.822041651,1.957041661,0.629499998,10.90683337
11/30/2016,3659.5,9.815333287,4.027083337,6.695458333,2.565958326,3.025666654,0.997541654,14.37999992
12/1/2016,3683.5,8.969750027,3.209583335,6.655375004,2.034291667,2.180333341,0.727166659,15.49979174
12/2/2016,3707.5,9.525125027,3.268083314,6.393250008,1.674749992,3.212124988,1.036916666,12.53058334
12/3/2016,3731.5,9.834875007,3.21495831,7.635625025,1.969249987,2.059708342,0.761375003,15.32979167
12/4/2016,3755.5,10.48512495,3.686541676,7.413583338,2.075749995,3.031999985,1.038125003,17.57500013
12/5/2016,3779.5,3.421583324,1.230833332,1.951458335,0.546375006,1.514083296,0.506375,11.0533751
12/6/2016,3803.5,0,0,0,0,0,0,-1.181291656
12/7/2016,3827.5,0.323708334,0.134000001,0,0,0.319833323,0.116749999,0.252083354
12/8/2016,3851.5,5.941624959,2.24112501,2.922708313,1.018708342,2.985083322,1.029291655,12.4016667
12/9/2016,3875.5,8.796666642,3.254041662,6.246791691,2.084749997,2.473625014,0.885874999,9.959958414
12/10/2016,3899.5,9.098166585,3.273708343,6.230458339,1.941208358,2.858041674,0.950749986,7.436208348
12/11/2016,3923.5,9.273958246,0.429833341,6.880499999,-0.783291666,2.259000008,0.823624998,7.638541679
12/12/2016,3947.5,9.848875006,0.588791665,6.861166656,-0.870625009,2.971000016,0.964541659,12.80316651
12/13/2016,3971.5,8.232875029,-0.301500007,6.066041668,-1.41691668,2.181624994,0.738666659,7.96966666
12/14/2016,3995.5,11.5623334,0.912541681,8.309291661,-0.589291655,3.114500026,0.950541655,8.435875058
12/15/2016,4019.5,10.15862499,0.669916667,7.641499996,-0.772916661,2.382166659,0.842666668,10.4846667
12/16/2016,4043.5,10.11387491,0.496833332,7.712583324,-0.722541668,2.377125005,0.722125003,11.07379166
12/17/2016,4067.5,11.52883333,0.898625006,8.316708366,-0.601208336,3.233791654,0.970916664,11.22333336
12/18/2016,4091.5,10.03862498,0.471666675,7.517166595,-0.860208333,2.481166666,0.865624994,13.42745829
12/19/2016,4115.5,10.24516678,0.650125009,7.913874924,-0.641208327,2.312416658,0.814749999,14.80804165
12/20/2016,4139.5,9.276708345,0.044541658,6.174208363,-1.408291657,3.075208326,1.005041664,8.40062505
12/21/2016,4163.5,8.768749912,-0.368500004,6.049875041,-1.681958337,2.599249984,0.873125002,8.491458277
12/22/2016,4187.5,8.322208265,-0.064166669,5.997958362,-1.331041669,2.124458358,0.744958331,8.881208261
12/23/2016,4211.5,10.49345831,0.641874998,7.85166659,-0.812833343,2.489958341,0.863041669,11.02100005
12/24/2016,4235.5,11.30562496,0.647458338,7.826499999,-1.060125001,3.350541711,1.00645833,6.342999975
12/25/2016,4259.5,8.447875063,-0.106041662,5.906208336,-1.533916676,2.503999993,0.837583333,6.527708391
12/26/2016,4283.5,10.35395823,0.337708337,7.058041652,-1.175625011,3.259124999,0.989874989,5.803625067
12/27/2016,4307.5,10.70833333,0.664375008,7.868041635,-0.682500005,2.717166667,0.869374997,7.711875041
12/28/2016,4331.5,11.1688333,0.703416669,8.25745829,-0.701833342,2.789541667,0.871874995,7.491916676
12/29/2016,4355.5,11.69645842,0.96833333,8.691249946,-0.629291666,2.892333329,0.959458336,8.163166662
12/30/2016,4379.5,11.63500007,0.661416666,7.949458302,-1.140041668,3.712125003,1.121791663,8.602916638
12/31/2016,4403.5,12.79300022,1.20599997,10.3760004,0.107000001,2.345000029,0.852999985,10.90400028
1/1/2017,4427.5,9.720583389,0.209249998,6.338541716,-1.555999982,3.429125001,1.133416677,12.02345844
1/2/2017,4451.5,8.288749933,-0.318250008,5.821791679,-1.68041667,2.337666676,0.770333327,12.93216654
1/3/2017,4475.5,9.240416666,0.161958333,6.956041654,-1.122291675,2.270416657,0.766624997,12.12608333
1/4/2017,4499.5,9.036708255,-0.170333332,6.625791709,-1.591666654,2.344000007,0.793250005,11.29658335
1/5/2017,4523.5,10.45445836,0.053041674,7.009291689,-1.727916675,3.321291665,1.100374997,5.448916674
1/6/2017,4547.5,9.125874977,-0.340458331,6.535458306,-1.713083347,2.504000013,0.822416666,5.290750017
1/7/2017,4571.5,9.572458228,-0.00841667,6.984124958,-1.379875005,2.56233335,0.836375001,6.457291702
1/8/2017,4595.5,11.34470836,0.803750012,8.395208379,-0.874958326,2.900000006,1.049458337,7.040541649
1/9/2017,4619.5,10.21170841,0.485749997,7.862083346,-0.74325001,2.382125025,0.777916663,9.690291683
1/10/2017,4643.5,9.904708385,0.267958337,7.141125004,-1.175500008,2.747666662,0.854083327,7.922875086
1/11/2017,4667.5,9.66187502,0.254000002,6.906999983,-1.058541671,2.637250016,0.818666662,7.41854169
1/12/2017,4691.5,11.32516664,0.600125001,8.58754164,-0.94008334,2.788333346,0.861749997,8.608750125
1/13/2017,4715.5,9.416250111,0.267916674,5.891499904,-1.378499998,3.48104167,1.007624999,8.23058333
1/14/2017,4739.5,8.581750021,0.346166667,5.821666605,-1.120833335,2.799708322,0.850291669,6.539375027
1/15/2017,4763.5,9.552958303,0.510791673,6.6525,-0.798041662,2.7680417,0.789416663,6.076208294
1/16/2017,4787.5,9.195791709,0.27358334,6.402208363,-1.080833337,2.798458328,0.765250002,6.07329164
1/17/2017,4811.5,11.00429169,0.242833331,8.066458265,-1.185875012,2.912708347,0.819875,7.263333341
1/18/2017,4835.5,11.08512493,-0.12,8.131666621,-1.59154166,2.86058332,0.728624997,8.368375043
1/19/2017,4859.5,11.31966674,0.047458336,8.258874973,-1.536833325,2.990083337,0.786875002,8.790541708
1/20/2017,4883.5,7.19191663,-0.083750005,4.003666605,-1.474625009,3.109333331,0.756333336,6.492333333
1/21/2017,4907.5,8.80229174,0.415958336,5.370249966,-1.067583333,3.251541654,0.836291661,8.028333306
1/22/2017,4931.5,7.979041739,-0.055791666,4.754208327,-1.480541681,3.105541696,0.73991666,8.362500012
1/23/2017,4955.5,6.910125037,-0.901583336,3.808083398,-2.074291671,2.913958326,0.535499989,5.607249965
1/24/2017,4979.5,6.070125059,-1.777666666,3.849625006,-2.599874978,2.246250006,0.347791665,5.153000027
1/25/2017,5003.5,6.979916642,-1.543333329,4.313083364,-2.44599998,2.628249998,0.480958328,8.365375002
1/26/2017,5027.5,5.735124996,-1.197333347,2.924208299,-2.109875003,2.694374998,0.483499989,11.22029165
1/27/2017,5051.5,8.537083442,-1.303375003,5.441291665,-2.320124994,3.080166673,0.491041662,8.116333326
1/28/2017,5075.5,6.181666689,-1.45120835,3.443958312,-2.326125011,2.70449999,0.437874994,8.681916674
1/29/2017,5099.5,8.459041682,-1.615791683,5.657583346,-2.576249997,2.790916676,0.437833328,8.617500046
1/30/2017,5123.5,6.466291725,-1.180499997,3.436541672,-2.093541661,2.977374986,0.441624995,5.296500037
1/31/2017,5147.5,10.71700001,-1.340000033,7.604000092,-2.451999903,3.137000084,0.456999987,5.276000023
2/1/2017,5171.5,9.887916684,-1.292250015,6.639166683,-2.337874994,3.217291673,0.46066666,6.058624983
2/2/2017,5195.5,9.220958312,-1.295041676,6.07795839,-2.272791669,3.147416646,0.450416662,5.742166658
2/3/2017,5219.5,10.29258337,-1.325750002,7.101208309,-2.380791689,3.198083341,0.461958329,8.679041604
2/4/2017,5243.5,9.10375005,-1.434625002,6.227541586,-2.394083316,2.875875031,0.430208325,10.70733317
2/5/2017,5267.5,7.688708354,-1.448499985,4.906791708,-2.403125018,2.783208326,0.474499993,10.34679162
2/6/2017,5291.5,6.656208356,-1.113791678,3.708999994,-2.201708329,2.932916686,0.635874997,5.967749973
2/7/2017,5315.5,9.273875058,-0.993791671,5.574666644,-2.244625007,3.65625002,0.73745832,4.270708333
2/8/2017,5339.5,10.56883331,-0.879250009,7.216624975,-2.074250013,3.322500025,0.59766666,2.904749987
2/9/2017,5363.5,6.898958316,-0.538791668,3.732624988,-1.667249978,3.157500029,0.637124994,6.343083342
2/10/2017,5387.5,5.355666662,-0.575041663,2.216500048,-1.661208314,3.094166676,0.65245833,7.020166596
2/11/2017,5411.5,5.174125016,-0.678333335,2.172083412,-1.713083339,2.967208336,0.64470833,8.186500033
2/12/2017,5435.5,4.462625073,-0.739625002,1.754458348,-1.735291647,2.655000001,0.699250002,10.09766674
2/13/2017,5459.5,5.469958375,-0.195333329,2.69620842,-1.445041672,2.741291672,0.860416671,11.30229167
2/14/2017,5483.5,5.548166667,-0.284708337,3.024833291,-1.387416674,2.501500011,0.78683334,9.294624984
2/15/2017,5507.5,3.85129167,-0.390791664,1.233374993,-1.719041673,2.562416702,0.920083332,11.27604177
2/16/2017,5531.5,5.207666675,-0.147958331,2.545166666,-1.588666684,2.533208335,0.954333338,13.72637502
2/17/2017,5555.5,9.926916619,0.217708339,6.517791609,-1.379999992,3.325125009,1.100208335,9.587666591
2/18/2017,5579.5,6.435666696,0.577750011,3.209916646,-0.823208338,3.251583338,1.067333348,8.913458307
2/19/2017,5603.5,5.975250055,0.267958332,3.307625048,-1.030541657,2.514125004,0.906083323,11.68345841
2/20/2017,5627.5,9.424499969,-0.092166667,5.920999954,-1.671541688,3.255250007,1.066083339,8.297999988
2/21/2017,5651.5,7.912000031,-0.122708337,5.430958288,-1.431833319,2.43537501,0.77791667,3.103999972
2/22/2017,5675.5,10.73633335,0.050291671,7.117291679,-1.440624995,3.598041674,0.974750002,2.925333339
2/23/2017,5699.5,8.565125023,0.203791673,5.809999997,-0.963916658,2.624666676,0.708249991,6.357583314
2/24/2017,5723.5,7.038499893,1.91445832,3.504625013,0.35395834,3.394916679,1.078750009,10.57550001
2/25/2017,5747.5,5.115624991,0.413125011,2.432625006,-0.815708335,2.515458316,0.869375,10.9419167
2/26/2017,5771.5,5.528666657,0.683750004,3.12849997,-0.675166658,2.401208321,0.869416657,11.59554164
2/27/2017,5795.5,4.816916741,0.468958336,2.594041652,-0.860166668,2.177874987,0.865541672,11.15875006
2/28/2017,5819.5,5.489625046,0.496875007,2.352625032,-1.039250013,2.999000023,1.027958341,10.98891668
3/1/2017,5843.5,5.012374905,0.075291661,2.566000014,-1.261416663,2.379625008,0.865500011,9.578958352
3/2/2017,5867.5,4.641208316,0.675458348,2.259375026,-0.555291659,2.269249996,0.796874995,9.06008329
3/3/2017,5891.5,6.661708375,0.834333338,3.326999992,-0.577499999,3.096708362,1.008833331,10.19437494
3/4/2017,5915.5,7.498999977,0.125624999,5.123083313,-1.193499988,2.228499984,0.771583336,11.28775001
3/5/2017,5939.5,8.634791632,0.641791667,5.318458375,-0.956500002,3.239958316,1.148625001,11.49583332
3/6/2017,5963.5,5.983625009,0.879083334,2.69024993,-0.654541659,3.175416663,1.075041669,8.693666657
3/7/2017,5987.5,5.601249949,0.418666673,3.249916603,-0.913541668,2.292083353,0.881958333,10.84812496
3/8/2017,6011.5,3.932250002,0.354500001,1.556041717,-0.867583335,2.358041684,0.90866666,10.85683334
3/9/2017,6035.5,4.423499973,0.329375,1.96920834,-0.897250003,2.297124982,0.908625002,12.69179165
3/10/2017,6059.5,9.017083347,0.739458334,6.348916695,-0.70333333,2.676624984,1.045666672,13.39229166
3/11/2017,6083.5,5.149125044,0.647624998,2.807208369,-0.67816667,2.257833332,0.863000006,11.09433333
3/12/2017,6107.5,8.63487494,0.298625002,6.215625018,-1.178541668,2.351666659,0.940291666,9.572999954
3/13/2017,6131.5,9.650708258,0.387833333,6.650916646,-1.219999992,2.944499989,1.035541654,3.889541693
3/14/2017,6155.5,3.759333322,0.630874999,1.41983324,-0.549249997,2.302166676,0.846583324,8.523708343
3/15/2017,6179.5,6.815208326,0.912500014,4.213791708,-0.621916676,2.615666682,0.939166655,7.946333329
3/16/2017,6203.5,5.249583254,0.566624998,2.668083375,-0.852791663,2.42658333,0.953041665,9.420708497
3/17/2017,6227.5,7.058041679,0.471708331,4.293749984,-0.885541673,2.656291688,0.946708329,8.819833298
3/18/2017,6251.5,8.690666686,0.586041662,6.043999978,-0.869166655,2.455624988,0.930249996,9.490874966
3/19/2017,6275.5,8.774458348,0.013833334,5.904708316,-1.419999997,2.826416676,0.984833332,5.912041664
3/20/2017,6299.5,7.881333308,0.078125,5.251791627,-1.298458336,2.511583333,0.862958325,7.181250036
3/21/2017,6323.5,4.934249993,-0.382333331,2.118749989,-1.693791665,2.658916647,0.920124998,8.597000082
3/22/2017,6347.5,8.79674999,-0.24829166,6.11349992,-1.566458336,2.580208321,0.907416667,4.812916666
3/23/2017,6371.5,7.951083296,0.329375004,4.810541683,-1.185916667,3.061166664,1.069874992,7.811458409
3/24/2017,6395.5,9.287874957,0.809249998,5.903291663,-0.738791664,3.373374969,1.066083334,6.59799996
3/25/2017,6419.5,4.964874948,0.873458341,2.465208356,-0.445750011,2.44554166,0.923916663,9.655083338
3/26/2017,6443.5,2.743416647,1.46233334,-0.734333354,-0.118416662,3.325124979,1.161124999,10.53741662
3/27/2017,6467.5,2.522958359,1.375833337,-0.007291631,-0.040041671,2.507833337,0.948041663,13.48895836
3/28/2017,6491.5,7.256124946,0.655666657,4.178374959,-0.79216667,3.080166658,1.064833328,13.89941665
3/29/2017,6515.5,3.971375023,0.655833332,1.683416675,-0.617375013,2.228625014,0.906208329,12.08791665
3/30/2017,6539.5,8.422750035,0.577500011,6.140041625,-0.661791666,2.26533334,0.883333333,6.679999977
3/31/2017,6563.5,10.24800014,0,6.324999809,-1.598999977,4.263999939,1.279000044,6.752999783
4/1/2017,6587.5,4.055166563,1.554374984,1.439208369,0.063541665,2.501416644,0.991125005,12.20237502
4/2/2017,6611.5,1.440083364,1.096791681,-0.938749992,-0.302125003,2.205708365,0.90495833,14.80508339
4/3/2017,6635.5,2.721124939,1.013083338,0.300583348,-0.426416669,2.328833347,0.949333333,15.53208327
4/4/2017,6659.5,5.051416672,-0.262333341,2.559916677,-1.628666672,2.316124991,0.907333332,14.13387489
4/5/2017,6683.5,6.996583293,-0.228916674,4.524833299,-1.661291654,2.31629168,0.97475,15.8221666
4/6/2017,6707.5,7.73058337,-0.044624999,5.211833278,-1.371000006,2.367000014,0.991166656,10.73970838
4/7/2017,6731.5,7.87849997,0.449333342,4.712708364,-1.01712499,3.191791679,1.206958329,13.13729171
4/8/2017,6755.5,4.74999998,0.549833336,2.087666561,-0.811416676,2.567458327,1.055791674,13.58283335
4/9/2017,6779.5,8.361291647,0.443749998,5.617458284,-1.086874996,2.625791654,1.114250009,7.468458364
4/10/2017,6803.5,8.643166632,0.16170833,5.416208337,-1.462875002,3.311125025,1.134625005,6.442541659
4/11/2017,6827.5,6.524958303,0.396291672,4.059916633,-0.897249997,2.393583327,0.921291672,11.18804167
4/12/2017,6851.5,2.651374966,1.13866667,0.199833319,-0.303500004,2.37333334,0.987374994,14.56479168
4/13/2017,6875.5,2.123791745,1.381333354,-0.453041783,-0.080000003,2.544583336,1.087666661,16.68695839
4/14/2017,6899.5,1.758083383,1.437374995,-0.723958414,0.066666674,2.417708347,0.921333328,17.41670847
4/15/2017,6923.5,2.391708289,1.624249982,-0.499000023,0.020666663,2.813625018,1.137124995,21.18037486
4/16/2017,6947.5,3.432750076,1.161000005,1.012749984,-0.312375002,2.353,1.012708334,20.94887495
4/17/2017,6971.5,2.905291665,0.937666658,0.46345831,-0.493083339,2.308666671,1.016583341,16.38495835
4/18/2017,6995.5,1.278208274,0.407500001,-0.972791667,-1.268916671,2.262833337,1.028041658,18.47783327
4/19/2017,7019.5,4.401166679,0.477333345,1.87895829,-1.070583331,2.383416673,1.061041666,18.28737494
4/20/2017,7043.5,4.624416669,0.890208335,2.315749958,-0.485583336,2.279374987,1.031749999,15.68158333
4/21/2017,7067.5,5.277500019,0.544124998,2.949458252,-0.91204168,2.394875015,1.029333321,16.42308342
4/22/2017,7091.5,1.50991665,0.357291667,-1.425791666,-1.14158333,2.907666663,1.192958328,16.28241662
4/23/2017,7115.5,1.526541604,0.739583337,-1.114916673,-0.789166664,2.364416659,1.021666658,18.52175001
4/24/2017,7139.5,1.669041713,0.644708348,-1.58720834,-1.159416661,3.132250041,1.217166667,19.20766648
4/25/2017,7163.5,5.950041624,0.117249992,3.548999978,-1.348999999,2.313708335,1.013999991,16.17108349
4/26/2017,7187.5,6.505416667,1.032625005,3.708958337,-0.547874988,2.824958349,1.139749992,12.94679173
4/27/2017,7211.5,1.487500027,0.061416668,-1.132833265,-1.218625005,2.495166649,1.104208343,14.87550012
4/28/2017,7235.5,1.791749989,1.72754166,-1.419958362,0.063541656,3.149999956,1.18279165,15.33874985
4/29/2017,7259.5,1.350791657,3.15912498,-1.200708346,1.585708345,2.49258333,1.077458339,18.28733333
4/30/2017,7283.5,1.068791742,2.37504166,-1.245208313,1.021750003,2.237458361,0.954333341,19.76449998
5/1/2017,7307.5,4.95650004,1.004666671,2.003374988,-0.208875004,2.908791666,1.038250007,17.38458335
5/2/2017,7331.5,5.492291624,0.527625003,3.082875008,-0.525666669,2.448083341,0.994958336,10.76025003
5/3/2017,7355.5,2.924708335,0.533208339,0.564166698,-0.541874999,2.351666674,0.967083335,12.612625
5/4/2017,7379.5,5.031833382,0.78716668,2.582208301,-0.287125,2.339083324,0.944166668,13.85549998
5/5/2017,7403.5,1.378583325,2.877333326,-1.071958361,1.603541672,2.392499998,0.975916669,17.44029188
5/6/2017,7427.5,1.948083357,2.748750011,-0.669249992,1.559083325,2.389875,0.977208326,16.88620826
5/7/2017,7451.5,3.789958317,2.140541668,1.334000036,0.995041668,2.325041691,0.937833332,17.3230834
5/8/2017,7475.5,6.857041687,2.447541679,4.126625009,1.184500001,2.73241665,0.979708336,14.99558337
5/9/2017,7499.5,0.044624975,2.542458345,-2.363083366,1.210999983,2.302166651,0.917624995,14.84329156
5/10/2017,7523.5,-0.563791613,2.383333355,-3.01895835,1.089583341,2.335166668,0.932833319,19.39520844
5/11/2017,7547.5,2.034499996,1.867083351,-0.476749965,0.678166667,2.389791663,0.958291662,19.95512498
5/12/2017,7571.5,1.1777084,1.987041687,-1.393249988,0.860249994,2.496416653,0.817416662,16.42604162
5/13/2017,7595.5,-1.54049998,2.570166642,-4.092500051,1.169791656,2.463333358,1.035583332,19.30729155
5/14/2017,7619.5,0.351583322,1.71920833,-2.115750008,0.494541667,2.374583329,0.977208324,17.38154185
5/15/2017,7643.5,5.235458344,2.029041673,2.01512502,0.627666659,3.194374994,1.139625003,14.301
5/16/2017,7667.5,-1.071666671,1.518375007,-3.612833396,0.287249998,2.458375017,1.043083328,16.63712498
5/17/2017,7691.5,0.373958379,2.34429165,-2.376416582,0.857333331,2.548500006,1.061041666,19.07287498
5/18/2017,7715.5,0.376750047,2.598291655,-2.401500002,1.000916671,2.580083341,1.135791657,19.58287509
5/19/2017,7739.5,4.334166633,2.143250003,1.137125005,0.544749999,3.073916703,1.281833331,18.15550021
5/20/2017,7763.5,2.436458365,2.134791652,-0.769916625,0.639666659,2.982458358,1.276708332,19.75579166
5/21/2017,7787.5,0.505124991,2.296583345,-2.853250062,0.655958333,3.237625003,1.303416664,19.64433344
5/22/2017,7811.5,0.385083283,2.106958352,-2.210583311,0.727041658,2.451916672,1.094041663,18.98495849
5/23/2017,7835.5,5.534166704,1.674583336,2.672541653,0.340500003,2.873250008,1.114249999,14.2277083
5/24/2017,7859.5,0.50233339,2.00666668,-1.84187499,0.746250002,2.207041671,0.945458343,15.85445833
5/25/2017,7883.5,2.305166652,2.249333337,-0.724083355,0.775750001,2.935458357,1.112958329,17.87987502
5/26/2017,7907.5,0.686499938,2.433458331,-1.753083331,0.95204167,2.293249985,1.017874996,19.66787505
5/27/2017,7931.5,1.479249993,2.782375023,-1.178583319,1.234916659,2.511750023,1.100375002,20.94874994
5/28/2017,7955.5,2.905166667,3.502541651,-0.448583267,1.690749988,3.28837502,1.30841666,21.49691669
5/29/2017,7979.5,2.788083375,3.46904166,-0.124333361,1.880375,2.807291667,1.204374989,20.38312499
5/30/2017,8003.5,5.913791671,2.826999992,2.532041657,1.169791666,3.179166635,1.250083327,20.76699996
5/31/2017,8027.5,6.497000217,2.477999926,4.406000137,0.888000011,2.253999949,1.097000003,20.96299934
6/1/2017,8051.5,3.441083312,3.03354164,0.735833372,1.46441667,2.529291684,1.101625003,22.37912484
6/2/2017,8075.5,3.569416647,2.983333339,0.771375032,1.570916677,2.566083337,1.074916653,18.66820828
6/3/2017,8099.5,3.089541653,2.893958345,-0.093291638,1.262958324,3.100624998,1.215833336,18.28437487
6/4/2017,8123.5,2.098666679,2.919166654,-0.40283322,1.544333322,2.462166687,1.081208328,15.96583327
6/5/2017,8147.5,7.417874952,2.651250009,5.186541696,1.408000013,2.196791669,0.892166669,10.58137492
6/6/2017,8171.5,5.165833337,2.344083329,2.980541656,1.239291655,2.305916662,0.970833339,13.81145835
6/7/2017,8195.5,2.827083319,2.196374988,0.121458322,1.893708361,2.600374992,0.032958331,17.87987502
6/8/2017,8219.5,3.198333346,1.73862501,0.341958334,1.764874984,2.722250005,-0.412499998,19.612125
6/9/2017,8243.5,6.37699996,1.548833339,3.611125042,1.588791663,2.672833334,-0.414999999,19.57395832
6/10/2017,8267.5,7.152833303,1.25308333,4.370874983,1.228875007,2.608083362,-0.39595833,15.34449999
6/11/2017,8291.5,4.37595834,0.982375005,1.788625006,1.098625007,2.587708334,-0.445458328,16.37912496
6/12/2017,8315.5,5.109958338,1.551666672,2.37787505,1.704208326,2.641083355,-0.411208332,15.06016672
6/13/2017,8339.5,7.666333288,1.328333327,4.940916642,1.501291667,2.693083336,-0.394624999,14.38016669
6/14/2017,8363.5,4.554583315,1.501458344,2.092083345,1.847749988,2.438083346,-0.507708333,15.83104169
6/15/2017,8387.5,3.293208276,1.568458346,0.596708335,1.815333326,2.566125001,-0.475916664,17.98541665
6/16/2017,8411.5,1.80004165,1.934000004,-1.060125063,1.975249989,2.680458327,-0.390874997,17.61312493
6/17/2017,8435.5,2.506166654,2.402833329,-0.576041631,2.337833327,2.839041665,-0.342625,17.1528333
6/18/2017,8459.5,4.066249957,1.802791664,0.988874977,1.890833343,2.984958331,-0.313416663,17.45483335
6/19/2017,8483.5,6.083958346,1.643791643,3.3610417,1.729333341,2.709583312,-0.454374999,18.53350004
6/20/2017,8507.5,3.809541707,1.710750007,0.895708358,1.969249984,2.808624988,-0.500041667,20.27175005
6/21/2017,8531.5,4.881166686,1.507083338,2.049250076,1.742666672,2.762833337,-0.602791664,19.29566669
6/22/2017,8555.5,4.652333343,2.224249984,1.773833357,2.380916687,2.873250018,-0.529249993,19.40104159
6/23/2017,8579.5,5.874708307,1.013166678,3.202541677,1.459916669,2.553374986,-0.755041669,18.78837498
6/24/2017,8603.5,5.637499973,2.042916653,2.505250024,2.382375029,2.972291668,-0.559583334,20.38600016
6/25/2017,8627.5,7.085833341,1.878375022,4.153041719,2.114416665,2.902500004,-0.571166664,21.31212481
6/26/2017,8651.5,6.770499992,2.132166656,3.626083357,2.340916638,3.078833352,-0.478541666,20.14845832
6/27/2017,8675.5,4.777833297,2.966749977,1.456874976,2.865041656,3.264166683,-0.316124999,20.69070848
6/28/2017,8699.5,6.298874994,1.978583335,2.228250009,1.941125018,3.828958333,-0.246208333,20.83145817
6/29/2017,8723.5,4.429124974,1.551583336,1.326583322,1.79458333,3.034458349,-0.571166664,20.44166684
6/30/2017,8747.5,7.211499949,1.07175001,4.278916641,1.264458342,2.929083337,-0.529333329,18.43091671
7/1/2017,8771.5,7.64120845,1.091208325,4.997041666,1.353333329,2.578791678,-0.643374999,17.39033349
7/2/2017,8795.5,5.980749985,0.611333333,3.150791679,0.808458323,2.731291667,-0.460708332,14.93991665
7/3/2017,8819.5,5.952958265,1.705083335,2.944958306,1.883416684,3.011583318,-0.460666668,18.74745838
7/4/2017,8843.5,4.655125042,2.313541661,1.74562496,2.591041678,2.93295834,-0.681458338,20.41820844
7/5/2017,8867.5,4.501625022,1.320124996,1.218583239,1.585791663,3.162708332,-0.691749997,21.84579166
7/6/2017,8891.5,5.846875108,-0.541583319,2.294958313,-0.305083325,3.384708345,-0.71458333,21.92487494
7/7/2017,8915.5,7.418083372,-0.597333326,3.553541659,-0.682583333,3.709666699,-0.455625,21.20662491
7/8/2017,8939.5,7.635750015,-0.491250005,4.1354167,-0.436833335,3.408875028,-0.540708328,20.7084167
7/9/2017,8963.5,7.440375049,-1.294958318,4.493708337,-1.104583333,2.85937499,-0.704375001,18.80608328
7/10/2017,8987.5,5.93337503,-1.27262501,3.033916608,-1.064583329,2.814958344,-0.624291668,17.1704584
7/11/2017,9011.5,2.676374977,-0.402000006,-0.537374989,-0.390875003,2.99379167,-0.654875,20.78458333
7/12/2017,9035.5,5.045749864,-0.030749995,1.297000039,-0.034125003,3.731249988,-0.473416666,22.08883333
7/13/2017,9059.5,8.352833348,-0.293125007,4.501166638,-0.254583335,3.866999954,-0.463249996,22.73379159
7/14/2017,9083.5,8.573416779,1.144249998,4.305583313,0.077000009,4.176750004,0.606708331,22.55216646
7/15/2017,9107.5,6.410541696,1.437375002,2.102458317,-0.270916664,4.260499974,1.167625,22.13291653
7/16/2017,9131.5,8.785458233,2.154499996,4.213791698,0.436833327,4.575166633,1.218291663,23.59845837
7/17/2017,9155.5,8.082083389,2.472666661,3.054541722,0.581791673,5.014374991,1.339041675,24.680125
7/18/2017,9179.5,7.672083278,2.400124999,2.629541606,0.466375006,4.897541702,1.388375004,23.43137511
7/19/2017,9203.5,8.244083357,2.827000007,3.34333332,0.741708341,4.995250046,1.398541669,21.74012494
7/20/2017,9227.5,8.701791651,3.131333304,3.868916714,1.116416665,4.858208358,1.403624992,21.74308332
7/21/2017,9251.5,9.488833363,3.496916642,4.157666763,1.197791672,5.155166696,1.533041656,21.77237503
7/22/2017,9275.5,10.76429162,3.697916701,5.029791664,1.267541655,5.699666639,1.662583311,22.97112489
7/23/2017,9299.5,10.49349991,3.628083331,5.382041713,1.40066667,6.075208346,1.444125006,23.42841673
7/24/2017,9323.5,5.570583331,2.012208345,5.590874996,1.536833319,8.284999847,0,22.22666653
7/25/2017,9347.5,4.925791645,1.462374996,4.940916673,1.05420834,8.284999847,0,22.12991659
7/26/2017,9371.5,6.460874996,1.730333339,6.31349996,1.301458341,8.284999847,0,21.42066685
7/27/2017,9395.5,6.24029163,1.931166669,6.196291745,1.487999997,8.284999847,0,22.10666664
7/28/2017,9419.5,5.02904168,1.55737501,4.899416713,1.107500011,8.284999847,0,21.61712488
7/29/2017,9443.5,6.201208294,1.911833333,4.51741665,0.941666659,7.924583216,0.378208334,20.57945848
7/30/2017,9467.5,10.14470827,2.787999981,4.853458349,0.559666678,5.284666658,1.502625003,18.33716679
7/31/2017,9491.5,19.69199944,3.282000065,14.35599995,0.958999991,5.513000011,1.462000012,16.88299942
8/1/2017,9515.5,8.495250006,1.479249999,4.084916584,-0.100791666,4.529458304,1.262833337,16.88620842
8/2/2017,9539.5,8.137999962,0.597375007,4.510000045,-0.858666666,3.677916716,1.031791657,15.0425417
8/3/2017,9563.5,6.410416649,1.501333338,3.118125016,0.15554167,3.309875041,0.890999993,16.04795837
8/4/2017,9587.5,7.677541642,1.833625004,3.661541601,0.319833338,3.979916692,0.958125,18.24929174
8/5/2017,9611.5,8.997624944,2.679208318,4.267250016,0.799458328,4.768083344,1.330000003,20.47391661
8/6/2017,9635.5,8.185500042,2.464249981,3.43795829,0.562625003,4.610708356,1.304708342,20.56487505
8/7/2017,9659.5,10.31208332,2.668083331,4.906666727,0.498874993,5.315166672,1.510166655,21.06595826
8/8/2017,9683.5,10.02187507,0.627791662,6.716083421,-0.97716667,3.269333343,1.112958327,14.80508327
8/9/2017,9707.5,7.242291706,0.672708345,3.830458348,-0.857249991,3.427833329,1.221958327,15.30050004
8/10/2017,9731.5,4.110874936,1.713624995,0.506291673,0.084374998,3.631041636,1.142166652,17.50766659
8/11/2017,9755.5,8.143583437,1.68291669,4.024416689,0.028124999,4.028250009,1.212041669,18.12304155
8/12/2017,9779.5,8.941916684,0.443791665,5.530166696,-1.119458339,3.251500001,1.079916664,14.11916669
8/13/2017,9803.5,7.825458268,0.52195833,4.755833353,-0.815916664,2.877000014,0.870499989,14.72299997
8/14/2017,9827.5,8.601291716,0.284666662,5.761124944,-1.061541679,2.756708344,0.851541661,14.86954172
8/15/2017,9851.5,4.484916702,0.868083337,1.422874977,-0.521166667,3.016624997,0.89858333,15.95712503
8/16/2017,9875.5,7.613375019,1.587999998,4.336791735,-0.16733333,3.242583329,1.309791659,14.81091674
8/17/2017,9899.5,5.179791599,2.481041661,1.203791664,0.64858334,3.81249998,1.491249993,16.58420845
8/18/2017,9923.5,5.779791697,2.215916657,1.921833254,0.427875002,3.745249997,1.295833334,17.61604186
8/19/2017,9947.5,5.63754161,2.014916668,2.521500006,0.492999993,3.193124967,1.066166667,16.52562511
8/20/2017,9971.5,6.385416615,4.049499984,3.436541617,2.373458339,2.885958356,1.250125001,13.96100013
8/21/2017,9995.5,7.172499955,7.356666664,2.824999968,4.871250004,4.251583358,1.96845833,16.40262508
8/22/2017,10019.5,6.510958352,6.340625008,2.285999994,4.17095836,4.262916644,1.591458335,16.04495827
8/23/2017,10043.5,7.825541679,6.709166646,3.423249943,4.566166669,4.288416664,1.388458351,18.04987498
8/24/2017,10067.5,8.456291649,6.527833313,3.803666631,4.344166646,4.473666678,1.341541673,18.7269582
8/25/2017,10091.5,7.524041767,5.835624993,3.728249997,4.080500037,3.740083337,1.156208329,17.22024989
8/26/2017,10115.5,7.125041689,4.057958305,4.315958408,2.637000004,2.800958345,0.948000011,13.18429168
8/27/2017,10139.5,5.068083167,5.202083349,1.685041597,3.689624995,3.352958297,1.022916657,15.26529161
8/28/2017,10163.5,6.862583404,5.897041659,2.599916667,4.006583338,4.219749967,1.352875014,18.0586249
8/29/2017,10187.5,8.939083397,-0.164583343,5.696041644,-1.917499999,3.237541646,1.185333336,13.5037084
8/30/2017,10211.5,7.590999911,-3.29324999,4.877208311,-4.748333325,2.629625013,0.956833335,11.02679169
8/31/2017,10235.5,9.578000069,-2.477999926,6.894000053,-4.584000111,2.223999977,0.913999975,10.06000042
9/1/2017,10259.5,6.497000009,-0.262333324,4.070208279,-1.652375008,2.299583326,0.8515,10.12704176
9/2/2017,10283.5,6.474791664,-0.55254166,3.979958293,-2.0625,2.415125002,0.923916665,10.36749999
9/3/2017,10307.5,6.335208336,-0.669791677,3.768208328,-2.103958322,2.377041668,0.909874998,9.300458391
9/4/2017,10331.5,6.684124979,-0.429708329,4.092416649,-1.831499989,2.420166671,0.898541662,13.10791671
9/5/2017,10355.5,5.043000045,-0.25120833,2.488958359,-1.622750002,2.569958349,0.98733334,14.97816678
9/6/2017,10379.5,7.836666569,-0.061416664,5.115624962,-1.640500009,2.62074999,1.017708336,15.43237495
9/7/2017,10403.5,5.294208368,0.108874998,2.828041625,-1.323583327,2.408791651,0.918833333,15.77245831
9/8/2017,10427.5,3.809458363,0.055750004,1.104458327,-1.260125015,2.590291649,0.993666664,15.0367916
9/9/2017,10451.5,4.367625038,0.485625004,1.622791649,-0.92837499,2.64366666,0.983541663,14.91937494
9/10/2017,10475.5,5.573374982,-0.122874998,2.904875025,-1.513375008,2.556000014,0.988624998,13.62383326
9/11/2017,10499.5,7.853499969,-0.189750001,5.291750021,-1.596083331,2.453166683,0.864249999,13.75587511
9/12/2017,10523.5,0.42141676,0.466124995,-2.11437497,-0.986083336,2.566124996,0.950541663,15.14808345
9/13/2017,10547.5,2.952833399,0.647500001,0.272499979,-0.775791657,2.526708315,0.945458328,13.96979161
9/14/2017,10571.5,2.01212497,1.359166663,-0.534541557,-0.226583342,2.465916668,1.002666665,13.68541662
9/15/2017,10595.5,4.507249984,0.25120834,2.029999996,-1.076416678,2.418916673,0.960708345,13.97554167
9/16/2017,10619.5,2.936000028,1.699541684,0.099083297,-0.028083331,2.779374987,1.168916663,15.06904161
9/17/2017,10643.5,2.924791624,1.336791654,0.078500042,-0.410083347,2.773000012,1.222166652,16.0156668
9/18/2017,10667.5,2.441916754,0.865208335,-0.639625012,-0.777291678,2.964666684,1.16504166,16.26483337
9/19/2017,10691.5,8.12408334,0.270749999,5.211833351,-1.374041673,2.850458334,1.22725,16.18562508
9/20/2017,10715.5,7.585583339,-0.583250004,5.034166629,-2.087749998,2.455749989,1.013999991,11.92683339
9/21/2017,10739.5,6.575125036,-0.212041669,4.059916673,-1.646416675,2.293333317,0.940375,11.58379169
9/22/2017,10763.5,6.826416698,0.217750004,4.388583364,-1.262958328,2.40108333,0.993749996,14.12216663
9/23/2017,10787.5,7.602291689,-0.279000003,5.198458269,-1.492499975,2.223541672,0.832499993,11.0239167
9/24/2017,10811.5,7.73345828,-0.563750008,5.491624941,-1.696708304,2.086416657,0.776750001,10.02724995
9/25/2017,10835.5,7.493416647,-0.195416667,5.202874978,-1.544333344,2.184083328,0.884541658,14.47975
9/26/2017,10859.5,6.139999967,-0.131083327,3.81554164,-1.214041661,2.172749996,0.463166659,15.13629158
9/27/2017,10883.5,8.082374941,-1.688541662,5.852958322,-1.449458345,2.195583339,-0.776624998,11.01816668
9/28/2017,10907.5,0.072458277,-0.050416673,-2.287625055,0.21770833,2.276875014,-0.729708333,11.72166659
9/29/2017,10931.5,0.541333371,-0.725833336,-1.65970831,-0.020666665,2.144791643,-0.910041668,11.29070834
9/30/2017,10955.5,7.831125013,0.820458326,5.654541642,1.183041655,2.157416667,-0.857916664,10.05083336
10/1/2017,10979.5,4.599291676,1.202874983,2.136541692,1.585750018,2.26154168,-0.788083337,14.57366677
10/2/2017,11003.5,7.856208305,0.337750004,5.389499975,0.744708339,2.320000023,-0.741124996,11.07666663
10/3/2017,11027.5,6.951958328,0.150791671,4.555833335,0.573083329,2.163791667,-0.884708325,8.207041661
10/4/2017,11051.5,4.668958367,0.212166666,2.752499992,0.426374994,1.833875015,-0.573624992,7.817291697
10/5/2017,11075.5,5.534249996,0.74250001,3.472083333,-0.159875003,1.890999995,0.555874998,6.712333351
10/6/2017,11099.5,4.763999998,1.825083335,2.574750019,0.679625003,2.128416662,0.718374996,10.78654162
10/7/2017,11123.5,1.124749983,2.997291677,-1.052749981,1.7234167,2.035666659,0.836333332,11.52516675
10/8/2017,11147.5,2.855083366,3.873749992,0.495958307,2.404541653,2.236333325,0.913666663,12.75345822
10/9/2017,11171.5,2.372249843,3.734166687,0.005958473,2.330458326,2.288166672,1.000125003,13.4070001
10/10/2017,11195.5,6.254291681,2.88295832,3.766749961,1.373999995,2.34920834,1.087708329,12.41329167
10/11/2017,11219.5,7.451499959,2.132124999,5.20283334,0.869166663,2.18674999,0.931583328,6.706500014
10/12/2017,11243.5,6.812375009,1.643666682,4.573666677,0.458916668,2.10800001,0.808374999,5.053333342
10/13/2017,11267.5,6.396583312,2.659708321,4.330875059,1.517708335,2.045833334,0.793208326,8.312750002
10/14/2017,11291.5,7.348333326,2.687666668,5.062208372,1.314666653,2.243749981,0.974749997,7.48908333
10/15/2017,11315.5,7.959499985,2.478291659,5.550833274,1.15929167,2.335166653,0.976000004,7.119624952
10/16/2017,11339.5,8.115791658,2.796458321,5.53149998,1.267541648,2.471041655,1.085000001,5.67475
10/17/2017,11363.5,6.67004167,2.877333333,4.398916682,1.391791661,2.154958318,0.95045833,7.782125056
10/18/2017,11387.5,6.483208335,2.137708339,4.296875003,0.858750006,2.198208347,0.953124998,8.101583382
10/19/2017,11411.5,6.480291644,2.933166643,3.963583354,1.422874997,2.431624984,1.007708333,9.423499902
10/20/2017,11435.5,5.444916735,2.469833329,3.056000027,1.104541672,2.41262501,0.991249998,9.64350009
10/21/2017,11459.5,2.813125079,2.980583344,0.005874985,1.393208328,2.611833334,1.135791647,10.79533335
10/22/2017,11483.5,3.678333358,3.647791654,0.929833355,1.86116667,2.707083325,1.165125002,10.90379159
10/23/2017,11507.5,5.866458338,2.776875018,3.038166632,1.100124997,2.774333358,1.217041659,10.52274986
10/24/2017,11531.5,2.109916679,2.977749978,-0.666291634,1.411000005,2.699374994,1.09520832,10.08887506
10/25/2017,11555.5,2.776916593,3.614291646,0.013291647,1.893708342,2.597916678,1.184041674,9.361958345
10/26/2017,11579.5,3.979666598,2.852250015,1.554749926,1.292583332,2.44691668,1.085000003,11.05916675
10/27/2017,11603.5,4.278374988,3.095041672,1.723500026,1.616833347,2.467124989,1.130750005,11.88283336
10/28/2017,11627.5,2.757458384,3.583458324,0.28720825,2.019541707,2.396166667,1.087708332,11.22916671
10/29/2017,11651.5,5.673708358,2.84670834,2.992375046,1.289624991,2.624624997,1.144791668,9.230083326
10/30/2017,11675.5,2.567500084,3.265249997,-0.204249917,1.678999981,2.699458351,1.152416671,8.072416683
10/31/2017,11699.5,11.11900043,3.951999903,8.670999527,2.239000082,1.980000019,1.097000003,7.948999882
11/1/2017,11723.5,2.63174999,3.315500031,-0.118374901,1.795958339,2.676625023,1.150999998,11.06487501
11/2/2017,11747.5,1.900458312,3.354541667,-0.697333316,1.680583353,2.517999997,1.050875003,11.28483327
11/3/2017,11771.5,4.942583278,2.746166671,2.121625026,1.146000012,2.762916699,1.218374993,10.28237496
11/4/2017,11795.5,1.6912501,2.66520834,-1.000875026,1.020208327,2.657541668,1.137166664,7.538916568
11/5/2017,11819.5,2.4783334,3.907249987,-0.309458325,2.185500013,2.73633334,1.236208339,7.072833339
11/6/2017,11843.5,4.09412507,3.273708314,1.376999966,1.690833351,2.729916687,1.186625004,9.983416637
11/7/2017,11867.5,7.242208278,2.838333294,4.527708314,1.311708348,2.66899999,1.139708345,10.37033343
11/8/2017,11891.5,3.982541676,2.352708355,1.599083255,1.134208332,2.321333314,0.918833335,9.810500025
11/9/2017,11915.5,2.732291588,2.846624983,0.269458358,1.199333337,2.413916662,1.092791662,8.406500002
11/10/2017,11939.5,6.536083355,2.478166647,3.942916674,1.094124992,2.599125013,1.114249992,8.731833378
11/11/2017,11963.5,5.802208346,2.894124985,2.995291646,1.211166665,2.774208337,1.228541677,7.603374998
11/12/2017,11987.5,6.85429163,2.86604165,3.939999993,1.149,2.807250013,1.199291666,8.942833284
11/13/2017,12011.5,9.008791645,2.944208309,6.039416661,1.360666675,2.877083321,1.196791666,9.830999911
11/14/2017,12035.5,8.015208338,3.000166684,5.125874969,1.354708329,2.914000015,1.271749998,9.455833276
11/15/2017,12059.5,4.950958259,2.531208326,2.219458312,0.972708337,2.665083349,1.227374998,9.72254161
11/16/2017,12083.5,8.537083258,2.614958341,5.706291636,1.082458331,2.827583358,1.109208333,6.876333336
11/17/2017,12107.5,8.143583288,2.232625006,5.380583345,0.811374997,2.745166659,1.118124997,6.404416723
11/18/2017,12131.5,6.307333422,2.070791629,3.558041652,0.679541668,2.826291661,1.134583324,3.080583334
11/19/2017,12155.5,6.949125017,2.896791677,3.935500025,1.246625,2.989874979,1.201916655,3.370875001
11/20/2017,12179.5,7.895249987,3.22058331,4.828333352,1.5355,3.053333352,1.251291652,4.426041623
11/21/2017,12203.5,8.447791686,3.449375018,5.271041728,1.787083324,3.139874995,1.271708329,4.871541659
11/22/2017,12227.5,4.565874999,2.587250024,1.889333293,1.147375002,2.651208312,1.006416654,6.064458291
11/23/2017,12251.5,3.522000035,3.025208339,0.334583342,1.299999997,3.038333317,1.253916661,5.791916668
11/24/2017,12275.5,5.648583291,3.706125031,2.582208424,1.873041666,3.009125014,1.327416683,6.641875108
11/25/2017,12299.5,6.485833427,3.633583312,3.3017083,1.797333323,3.05870832,1.295750007,7.125541627
11/26/2017,12323.5,4.504416595,3.410374996,1.556083321,1.738250001,2.934249997,1.257833324,7.277958353
11/27/2017,12347.5,4.242041608,3.164833332,1.248249998,1.394833331,2.889750004,1.242416665,5.173416694
11/28/2017,12371.5,8.193958345,2.852291686,5.306583306,1.32358333,2.785833329,1.149874993,7.893541674
11/29/2017,12395.5,8.548291634,2.977958339,5.602624983,1.408125013,2.899958322,1.176374992,5.123624981
11/30/2017,12419.5,9.712166687,3.220624978,6.801999996,1.704124989,2.96208336,1.12833332,3.148125008
12/1/2017,12443.5,9.006000037,3.566666697,5.955124965,1.796041669,3.026874964,1.204458343,3.775208314
12/2/2017,12467.5,11.19958326,4.138833309,8.217541685,2.388291683,3.001541674,1.219708341,5.226166636
12/3/2017,12491.5,7.152958369,2.947124988,4.250833301,1.316208329,2.926541696,1.134500009,5.941333314
12/4/2017,12515.5,7.35670833,3.005708297,4.307208332,1.563583318,2.91900002,1.097874989,5.123666704
12/5/2017,12539.5,4.953708331,2.966583341,1.933624933,1.517666655,2.958458324,1.040583325,3.836791664
12/6/2017,12563.5,7.610583302,3.262541662,4.372374991,1.689500004,3.185499996,1.020500002,4.338083337
12/7/2017,12587.5,9.874000012,3.078208342,6.741208255,1.62279168,3.094083319,0.946791669,5.138291617
12/8/2017,12611.5,5.606749957,2.80187499,2.090666602,1.363666666,3.464625011,1.040583342,3.271124979
12/9/2017,12635.5,5.849499998,3.025249988,1.636041612,1.231916675,4.176666657,1.233708329,4.616541674
12/10/2017,12659.5,5.874666661,3.17037499,2.444583287,1.612375007,3.323916654,1.137166666,4.795291652
12/11/2017,12683.5,7.197541713,3.722875044,3.267625044,1.831583324,3.892374992,1.115541677,6.222833296
12/12/2017,12707.5,8.78545843,3.368666679,5.183583277,1.733833334,3.665250023,1.118083328,2.681958348
12/13/2017,12731.5,10.27299999,3.30158335,7.238791654,1.699666661,2.988750011,1.034250008,1.814458308
12/14/2017,12755.5,12.02854156,3.237374976,8.236624916,1.644875022,3.802291711,1.090249995,1.131375002
12/15/2017,12779.5,11.09629178,2.977874979,7.820625067,1.50875,3.169041663,0.969624989,3.054250002
12/16/2017,12803.5,10.53537504,3.343416661,7.176666672,1.729333322,3.30733333,0.993666664,3.543666671
12/17/2017,12827.5,5.90820835,3.363,1.767833292,1.612499999,4.084041685,1.17520833,3.696208348
12/18/2017,12851.5,6.633791757,3.770374993,3.221791725,1.893750007,3.444458346,1.116833329,4.355624984
12/19/2017,12875.5,7.619041617,3.61679167,4.209416687,1.924833321,3.446958343,1.097791669,4.484750023
12/20/2017,12899.5,6.134166603,3.220583374,2.320249975,1.465750008,3.786999995,1.019083337,4.724874973
12/21/2017,12923.5,5.49800004,2.935833325,2.114250064,1.307375006,3.22358335,1.024166659,5.539875031
12/22/2017,12947.5,4.800166652,2.556458319,1.642041604,1.12825001,2.936666658,0.953166669,6.228666703
12/23/2017,12971.5,8.093374997,2.44174999,4.957166667,1.074958331,3.110624999,1.029333323,5.853541633
12/24/2017,12995.5,5.952833314,2.82425,2.747999916,1.354791677,3.016791672,0.97466666,3.851583352
12/25/2017,13019.5,6.91287495,3.329416647,3.033750007,1.655291671,3.736375004,1.167583346,5.267291645
12/26/2017,13043.5,6.843083301,3.340541659,3.772541637,1.855166669,3.052250008,1.034416668,4.774666647
12/27/2017,13067.5,9.516708388,3.346166655,5.448666667,1.692333316,4.068958352,1.193000004,2.945749983
12/28/2017,13091.5,10.66649997,2.92474997,7.404499988,1.295583346,3.245208298,1.027958346,5.258458396
12/29/2017,13115.5,10.45162493,2.628958344,7.223958343,1.218541651,3.086499999,0.942958328,6.946791669
12/30/2017,13139.5,10.63029168,2.790749989,7.564583332,1.465875023,2.978625019,0.776666669,4.226625015
12/31/2017,13163.5,14.53499985,3.951999903,9.807999611,2.523000002,4.598999977,0.883000016,4.221000195
1/1/2018,13187.5,6.907374959,2.782416661,3.369958368,1.366708322,3.455833306,0.879625005,3.898333351
1/2/2018,13211.5,11.16891664,3.323708351,7.520166626,1.621166664,3.544666628,1.104166668,4.75425001
1/3/2018,13235.5,11.07133331,2.609333331,8.100458364,1.459833348,2.910166656,0.656208333,0.035208347
1/4/2018,13259.5,12.07308336,2.679083327,8.704624891,1.422875015,3.351750006,0.70433333,-2.183583304
1/5/2018,13283.5,11.14941664,2.48641665,7.623666604,1.134166658,3.334041635,0.756374996,1.509583347
1/6/2018,13307.5,11.04041667,3.07266667,7.391374963,1.619833343,3.552333335,0.814749991,1.093374997
1/7/2018,13331.5,12.24333334,2.991708318,8.485416651,1.446499987,3.713458359,0.883208342,0.855916671
1/8/2018,13355.5,8.590166693,2.974958355,4.962999969,1.579749993,3.473583351,0.781749997,0.439666672
1/9/2018,13379.5,7.585458383,4.495958358,3.199624936,2.802791682,4.275708338,0.972208334,3.039625024
1/10/2018,13403.5,6.550041674,3.770416632,3.066333315,2.246124995,3.323916664,0.845166678,2.632124995
1/11/2018,13427.5,8.492541785,4.897791634,3.932625036,2.894624988,4.510500004,1.203208325,3.400124987
1/12/2018,13451.5,6.268208385,3.332333336,3.266249975,1.966249996,2.756583316,0.657374999,3.165541699
1/13/2018,13475.5,9.993958308,2.698625008,6.304416557,1.366541673,3.496500005,0.880749991,2.163041661
1/14/2018,13499.5,9.963249987,3.468999992,5.478333354,1.690875009,4.36074995,1.16504166,4.798166653
1/15/2018,13523.5,5.863416652,3.111750002,2.491874904,1.511624991,3.210958342,1.026666676,5.698125025
1/16/2018,13547.5,11.65179167,3.357333352,8.293041676,1.73383331,3.328916679,1.000166672,5.018083294
1/17/2018,13571.5,11.11295837,3.19554164,6.979666713,1.437625013,4.143791676,1.162458335,5.437250008
1/18/2018,13595.5,10.36512505,2.958208308,6.953041623,1.440625,3.429208318,0.950416664,4.285291622
1/19/2018,13619.5,12.12895832,3.064333344,7.833999922,1.421416654,4.186749975,1.119374988,5.733250022
1/20/2018,13643.5,11.56250012,3.120083282,7.373583272,1.419916652,4.092916697,1.110541666,5.401999931
1/21/2018,13667.5,11.82479167,3.170375004,8.252958298,1.613916655,3.515500009,0.892166664,4.393708309
1/22/2018,13691.5,9.371583426,2.729416656,5.802583277,1.28083335,3.458374987,0.838874996,5.079541663
1/23/2018,13715.5,12.47491668,3.441083317,8.683750034,1.926374997,3.770666649,0.898624999,2.834375014
1/24/2018,13739.5,13.83699993,3.248541663,8.738708318,1.476208337,5.016833305,1.109208318,-0.082041661
1/25/2018,13763.5,15.22383332,3.329499995,10.35116671,1.643416658,4.850624988,0.950583334,-2.330208331
1/26/2018,13787.5,12.56154168,2.237958317,8.726874947,0.984624998,3.709625006,0.649749997,-0.63900001
1/27/2018,13811.5,13.80341677,2.620416666,9.860916655,1.197916665,3.740041683,0.576291666,-1.398083337
1/28/2018,13835.5,12.53354164,2.123625015,8.811249911,0.869083339,3.656333347,0.546916665,-0.507250003
1/29/2018,13859.5,12.6257501,2.37195836,8.80066669,1.11645834,3.800999969,0.597791664,1.184208337
1/30/2018,13883.5,11.60137497,2.631583333,7.774874964,1.316333319,3.818791628,0.653541666,2.19545834
1/31/2018,13907.5,15.13700008,3.951999903,11.93999958,2.239000082,3.046000004,0.456999987,1.758999944
2/1/2018,13931.5,10.66654158,3.39637503,6.593208326,1.828458338,4.018125008,0.822333329,3.540833314
2/2/2018,13955.5,9.293499976,2.924666668,5.343583275,1.51329165,3.849249989,0.765208331,3.446916675
2/3/2018,13979.5,10.21729181,3.608624995,6.112083328,2.070041666,4.07904165,0.81470833,1.600374994
2/4/2018,14003.5,8.461750041,3.295874998,4.397416707,1.862625013,4.048458318,0.765249997,2.904708351
2/5/2018,14027.5,8.249666605,3.773249974,4.224333356,2.05808334,4.00666669,0.898541659,3.772333324
2/6/2018,14051.5,8.707333346,3.30429168,4.770583324,1.742708338,3.868166675,0.694208336,2.796291669
2/7/2018,14075.5,9.321375055,2.880041659,5.503416595,1.518999999,3.825124969,0.661208322,3.696125021
2/8/2018,14099.5,7.379041624,2.458541664,3.631916682,1.116333339,3.547208339,0.572333331,3.13333334
2/9/2018,14123.5,10.18933337,2.162750001,6.677708348,0.972749991,3.40383334,0.582499993,4.49333336
2/10/2018,14147.5,11.92808322,2.609249989,8.442458361,1.24666667,3.442999999,0.655041662,3.748833348
2/11/2018,14171.5,6.491541589,1.869708347,3.214416581,0.735874993,3.162666649,0.554666668,3.130416657
2/12/2018,14195.5,3.720000158,1.992583324,0.556708376,0.85295833,3.134833356,0.544500002,2.640875022
2/13/2018,14219.5,3.125750006,1.560124993,0.15395837,0.553666669,2.872000014,0.540666667,4.988791655
2/14/2018,14243.5,6.471958315,1.283958343,3.509125014,0.374583332,2.899916674,0.511416663,6.644833326
2/15/2018,14267.5,11.58762481,1.641083332,7.891791642,0.521208333,3.714708338,0.534249994,3.458666682
2/16/2018,14291.5,10.08883335,1.337000007,6.474791714,0.386458331,3.547250013,0.488541664,4.408333341
2/17/2018,14315.5,3.371333276,1.353583321,0.309541623,0.420499998,3.028083374,0.484791661,3.268291682
2/18/2018,14339.5,10.87858329,1.409500008,7.452041626,0.453124998,3.41262502,0.456833329,3.057166656
2/19/2018,14363.5,11.38387505,1.535083324,7.748124958,0.466458333,3.60558335,0.52025,2.708374987
2/20/2018,14387.5,11.77179166,1.680166677,8.036916633,0.586333331,3.719958355,0.52154166,1.752750007
2/21/2018,14411.5,11.21637493,1.548958344,7.602958262,0.506416666,3.592791647,0.510124996,3.159749995
2/22/2018,14435.5,4.780833393,1.303500002,1.719083309,0.370083335,3.06870833,0.53304166,5.026958327
2/23/2018,14459.5,1.121916711,1.339749999,-1.547125042,0.384958337,2.585249995,0.541958327,5.686291705
2/24/2018,14483.5,6.943500072,0.469000004,4.342624974,-0.276916663,2.592708315,0.529124996,5.082666656
2/25/2018,14507.5,5.634583372,0.466208344,2.922833385,-0.383541663,2.605458304,0.648374993,4.361499985
2/26/2018,14531.5,1.685666666,0.806666676,-1.089833258,-0.359791671,2.452041671,0.651041658,6.008750002
2/27/2018,14555.5,4.046625025,0.192583336,1.71754167,-0.815750003,2.289541662,0.601375001,5.305291673
2/28/2018,14579.5,5.612333347,0.549958342,2.902083412,-0.485583332,2.51804166,0.671374994,3.649291674
3/1/2018,14603.5,6.605958228,1.105291672,4.01095829,0.106624998,2.498958339,0.630708327,3.983375013
3/2/2018,14627.5,8.355666657,0.843041678,5.78187498,-0.087249999,2.487624998,0.489874998,2.617416664
3/3/2018,14651.5,5.023458225,1.144250004,2.659291604,0.153999995,2.264124994,0.526749998,5.604291692
3/4/2018,14675.5,4.353666594,0.580624998,1.24079173,-0.501833335,3.086499989,0.748958329,5.72162501
3/5/2018,14699.5,4.864416639,1.604833342,1.865499995,0.195333339,2.892416686,0.950583319,3.016083318
3/6/2018,14723.5,6.24595829,1.258624997,2.411999991,-0.103625003,3.785791655,0.974666677,2.212958326
3/7/2018,14747.5,11.08787505,2.366458341,7.579375009,0.947666671,3.443166678,0.790541661,0.92624999
3/8/2018,14771.5,6.2347917,2.902333334,2.249041669,1.310333346,3.957083355,1.033124993,4.1065
3/9/2018,14795.5,3.413166752,3.689541688,0.559791682,2.219458304,2.851708348,0.829999999,5.311166674
3/10/2018,14819.5,2.598166674,2.882999996,-0.626291609,1.519125001,3.096583352,0.918833332,6.510125041
3/11/2018,14843.5,4.297874957,3.413291673,0.405708426,1.599041678,3.900000006,1.096499994,7.585791647
3/12/2018,14867.5,2.997333323,3.058708323,-0.980208424,1.259958334,3.947000007,1.162500009,8.989750028
3/13/2018,14891.5,3.725666612,3.276416694,0.072500038,1.630125015,3.54975001,1.069833338,10.28233329
3/14/2018,14915.5,8.026458379,3.000125036,4.504208305,1.495416657,3.420291712,1.065916667,10.33212487
3/15/2018,14939.5,5.048791676,3.033541683,1.847791627,1.673125009,3.174083375,0.939208336,8.802166695
3/16/2018,14963.5,9.064750045,2.860583315,6.144499972,1.615333331,2.951999982,0.769166668,3.529083307
3/17/2018,14987.5,5.048541704,2.573208339,2.382416676,1.347374987,2.627041638,0.791958332,4.300000022
3/18/2018,15011.5,9.96058335,3.072666667,6.498458286,1.714625008,3.439291676,0.954333328,6.055583368
3/19/2018,15035.5,9.932541689,3.265250005,7.105583339,1.991458346,2.749000003,0.804708325,5.109000027
3/20/2018,15059.5,10.57175003,3.887541657,6.879041642,2.283166652,3.729958316,1.00525,3.426416685
3/21/2018,15083.5,4.956500053,3.053124999,2.262333332,1.835958328,2.615791654,0.748874997,5.214541634
3/22/2018,15107.5,5.202041705,3.463458319,2.311125003,2.05204166,2.798333337,0.906208336,7.805458347
3/23/2018,15131.5,3.502541682,3.536041647,-0.137666678,1.861166673,3.513041645,1.066041668,9.728374958
3/24/2018,15155.5,5.185416649,3.747958312,1.677541713,1.957500005,3.479874979,1.083833329,10.67816659
3/25/2018,15179.5,4.683124994,2.972291663,1.36512503,1.621333331,3.184291651,1.081333342,10.49924997
3/26/2018,15203.5,3.865250011,4.604874993,0.436791695,2.844333345,3.297166665,1.092708332,11.50454163
3/27/2018,15227.5,3.100583403,3.856874997,-0.170208267,2.052125016,3.280583362,1.095166656,11.3405416
3/28/2018,15251.5,2.894125054,3.806708346,0.287250052,2.30095832,2.45070833,0.896000003,10.2736667
3/29/2018,15275.5,4.948125088,4.409458344,1.893624967,2.756958336,3.052208334,1.059666676,9.110041658
3/30/2018,15299.5,8.414374906,3.806666665,4.955583354,2.092124984,3.407541662,1.10920833,6.360541681
3/31/2018,15323.5,15.47200012,5.827000141,10.8739996,3.730999947,4.447000027,1.187999964,5.768000126
4/1/2018,15347.5,5.20208335,4.108125031,1.542833274,2.413458323,3.556125035,1.143500005,10.49041661
4/2/2018,15371.5,5.740791624,4.253208324,2.20024995,2.478541653,3.454583357,1.139583322,10.6927917
4/3/2018,15395.5,3.452291673,3.817833324,-0.038500049,1.989916659,3.393624991,1.190375005,10.93891672
4/4/2018,15419.5,8.894458276,2.974916682,6.160791635,1.696833324,2.715958302,0.780624993,5.487125019
4/5/2018,15443.5,9.865708351,2.372291656,6.141624938,0.956374996,3.523083349,0.959416663,1.585791671
4/6/2018,15467.5,3.044791634,3.022458317,0.29312495,1.770916664,2.726124997,0.885916665,3.206666716
4/7/2018,15491.5,3.348874951,5.453291655,-0.211750061,3.71641667,3.481125017,1.035583332,4.584166706
4/8/2018,15515.5,2.525750017,2.405583319,-0.855833282,0.689958321,3.360624999,1.12954165,6.231624961
4/9/2018,15539.5,2.748916728,1.520958308,-0.759625003,-0.188083344,3.394875,1.148416671,9.382541736
4/10/2018,15563.5,3.270875026,1.604666666,-0.30650008,-0.193958325,3.533291683,1.209500005,9.921750029
4/11/2018,15587.5,4.532291701,1.186083328,1.064541786,-0.284249998,3.436708356,1.167624995,9.742999931
4/12/2018,15611.5,7.510124986,0.59712501,4.256833343,-0.909124994,3.300958325,1.057208332,5.929625015
4/13/2018,15635.5,9.229291664,0.569249998,5.72712495,-1.150416679,3.467291628,1.12704166,4.563875
4/14/2018,15659.5,9.301791648,0.510624987,5.730041623,-1.034916677,3.463458339,0.991166669,4.540374984
4/15/2018,15683.5,2.640125011,0.803666671,-0.76545843,-0.76100001,3.281916668,0.993625003,6.47483335
4/16/2018,15707.5,5.964124951,0.736666663,2.564374961,-0.831999991,3.342916707,1.024291659,7.058208327
4/17/2018,15731.5,3.078250045,1.191541657,-0.288875022,-0.43091667,3.372041678,1.028041666,7.960916738
4/18/2018,15755.5,2.715458421,0.99904166,-0.441249972,-0.54779167,3.025666639,0.918958324,9.227124969
4/19/2018,15779.5,2.723916731,1.124583345,-0.62787496,-0.589291661,3.266708324,1.053374998,9.684500078
4/20/2018,15803.5,5.291541646,1.155333324,1.994333332,-0.438250002,3.19312499,1.086458338,10.34979165
4/21/2018,15827.5,7.965000013,0.853958316,4.124999936,-0.808500008,3.756583343,1.215833329,10.15049994
4/22/2018,15851.5,7.518500002,0.770208334,3.889666619,-0.847041659,3.542083323,1.125791671,9.262416661
4/23/2018,15875.5,10.05254169,0.932083342,6.335624995,-0.627666663,3.641125013,0.995041664,4.886208336
4/24/2018,15899.5,7.811541667,1.805583339,4.529125032,0.223583334,3.262958318,1.077416673,7.231125057
4/25/2018,15923.5,6.042083323,2.24658332,2.774708323,0.578874995,3.240083327,1.153583338,8.731875022
4/26/2018,15947.5,7.197375032,1.945125006,3.833249962,0.159875001,3.41141666,1.241208345,10.04791669
4/27/2018,15971.5,4.671833339,2.609374984,1.360708297,0.787666668,3.40245835,1.319874984,11.44020828
4/28/2018,15995.5,4.588125015,1.53200001,0.786208248,-0.226499996,3.691791664,1.237416667,11.12358336
4/29/2018,16019.5,6.631000055,1.144166657,2.99970834,-0.497541672,3.644958357,1.223333329,12.21683339
4/30/2018,16043.5,5.431000012,1.30608333,1.699750045,-0.41604167,3.716000011,1.255124994,13.66204174
5/1/2018,16067.5,6.541666696,0.683666655,2.822083387,-1.089708329,3.691875001,1.312250001,12.22274995
5/2/2018,16091.5,5.377916636,0.636249993,1.870041618,-0.943166671,3.354250004,1.127000004,9.760666688
5/3/2018,16115.5,2.969499853,1.342375008,-0.843958503,-0.553666667,3.741458336,1.330041667,10.3410416
5/4/2018,16139.5,3.915624962,1.484666695,0.390916616,-0.214583334,3.539625019,1.191749997,12.0204583
5/5/2018,16163.5,7.691375035,0.669833341,4.274499997,-0.962374998,3.398708343,1.158583326,10.81583335
5/6/2018,16187.5,8.671166629,0.513416659,5.64574999,-0.898791674,2.931625008,1.017791661,10.06541671
5/7/2018,16211.5,8.319374953,1.437208336,5.755166664,0.091875004,2.473583346,0.879458328,8.148583273
5/8/2018,16235.5,0.053041662,1.892249997,-2.451916622,0.688541677,2.429124996,0.842708333,9.197874963
5/9/2018,16259.5,-4.339624921,1.362000016,-7.863458355,-0.010333333,3.459541698,0.9925,9.496833225
5/10/2018,16283.5,0.120041713,2.486333335,-3.523958264,0.940125,3.511625027,1.215791663,7.952166657
5/11/2018,16307.5,7.155666724,3.85412503,3.144833265,1.810833337,3.995249997,1.44674999,10.03333326
5/12/2018,16331.5,7.761416665,3.399083346,4.07616658,1.591583334,3.695708344,1.333958343,10.42599996
5/13/2018,16355.5,2.913625024,3.669958313,-1.048333359,1.726374986,3.861916631,1.399958332,12.13774999
5/14/2018,16379.5,3.614124971,3.745250026,0.059208314,1.914541669,3.361833374,1.326249997,14.22779171
5/15/2018,16403.5,4.671958377,4.172291642,0.353833271,2.136458316,4.169083327,1.48483332,15.40600002
5/16/2018,16427.5,4.772208281,4.414999992,0.691375076,2.262333353,4.083958328,1.43787499,15.89837496
5/17/2018,16451.5,7.099833373,4.211375008,3.523999953,2.330500017,3.542083333,1.214541656,12.73283327
5/18/2018,16475.5,8.040458247,4.202999994,4.268541639,2.337833337,3.680416654,1.237458348,11.12079169
5/19/2018,16499.5,10.51304173,3.87362501,7.062625026,2.124750001,3.350583305,1.17787499,7.659083366
5/20/2018,16523.5,9.709250053,3.282041634,6.677708288,1.930666673,2.998874982,0.946791659,6.512874981
5/21/2018,16547.5,9.0729584,3.424333304,5.548000033,1.918958316,3.276708365,1.026750001,6.246250014
5/22/2018,16571.5,8.551124942,3.025291652,5.507916719,1.607833351,2.976166666,0.963166664,6.96724998
5/23/2018,16595.5,2.087499853,3.764749989,-1.337041666,1.960375003,3.292125016,1.183958334,9.112875064
5/24/2018,16619.5,4.389916668,3.248458336,0.781749979,1.544250011,3.479999979,1.187874995,9.318041603
5/25/2018,16643.5,7.183541701,3.469000012,3.741583342,1.741166649,3.273041656,1.237458323,8.253958344
5/26/2018,16667.5,9.120458262,3.974041641,5.120041629,1.80491666,3.818791668,1.514041662,8.558791637
5/27/2018,16691.5,6.49712496,3.672625005,3.033750002,1.872916661,3.388708279,1.377083334,10.00091668
5/28/2018,16715.5,6.619833328,3.965916653,3.929583312,2.188333347,2.686791673,1.232250017,10.64887492
5/29/2018,16739.5,9.268458381,3.957249989,5.82474996,2.090708337,3.297166675,1.369458343,11.05620833
5/30/2018,16763.5,8.994916613,4.085750004,5.294708332,2.026958336,3.533250004,1.356583332,10.71033335
5/31/2018,16787.5,15.3380003,5.827000141,10.30500031,3.163000107,4.477000237,1.523000002,10.41100025
6/1/2018,16811.5,5.417041709,4.680249979,1.729416628,2.616249988,3.740166644,1.600249996,10.00687508
6/2/2018,16835.5,6.650499955,3.873541663,3.175874998,1.95433333,3.410208344,1.361708343,9.593541662
6/3/2018,16859.5,4.032791595,4.228208284,0.445666646,2.204666678,3.450791647,1.378333345,10.4142499
6/4/2018,16883.5,5.640375003,4.490416631,1.966249996,2.432625014,3.556124995,1.408791661,10.40254168
6/5/2018,16907.5,6.954833294,3.954583362,3.347625013,2.053583328,3.47104166,1.35541667,9.907249967
6/6/2018,16931.5,3.323875015,4.127708346,-0.213208338,2.31129168,3.397583306,1.310958338,10.36733333
6/7/2018,16955.5,5.57900004,4.244916658,2.232833301,2.338000017,3.274416685,1.355416665,11.10595834
6/8/2018,16979.5,8.788333339,4.468083342,5.025291602,2.420749997,3.676708321,1.431500003,9.80458331
6/9/2018,17003.5,9.555833409,3.764791638,5.999416641,1.969208337,3.40004168,1.262875001,6.897000044
6/10/2018,17027.5,4.543458362,3.63091667,1.203750009,1.884791672,3.222291668,1.227208329,8.309791764
6/11/2018,17051.5,2.229958209,3.884833316,-1.254083398,2.049083337,3.332791676,1.347750013,9.564291616
6/12/2018,17075.5,3.898791602,4.925791651,0.975791659,2.986458351,2.863124987,1.350333333,11.10604167
6/13/2018,17099.5,4.828041742,4.75274997,0.709291677,2.616291687,3.982458323,1.666291669,11.63950006
6/14/2018,17123.5,5.880249908,5.023541669,1.867041623,2.807374999,3.880833298,1.517916679,11.4754167
6/15/2018,17147.5,6.201250037,5.425333351,1.832999896,3.047041635,4.194333335,1.703166654,10.67808322
6/16/2018,17171.5,5.00104167,4.889375021,0.950458354,2.697624999,3.981166641,1.574958324,9.171333313
6/17/2018,17195.5,6.273749925,4.755666673,1.778250083,2.502291674,4.36075002,1.631999974,9.46175007
6/18/2018,17219.5,4.870041715,3.95737499,0.421874966,1.741166675,4.271958351,1.528041666,10.34383341
6/19/2018,17243.5,7.270125007,3.494124994,3.446916655,1.559083347,3.754124989,1.402416669,7.908124963
6/20/2018,17267.5,6.912916674,3.951749971,3.319541693,2.136458327,3.534499983,1.328791673,8.098666688
6/21/2018,17291.5,4.035625015,4.362041642,0.025208399,2.268291663,3.810041676,1.47345833,8.831500053
6/22/2018,17315.5,8.107291659,3.290416678,4.529291667,1.542708343,3.398791661,1.27412499,6.088000059
6/23/2018,17339.5,7.214333326,4.161041677,3.769708318,2.450375006,3.389833311,1.322416663,7.049375037
6/24/2018,17363.5,7.624583336,4.110750039,4.015541738,2.257958345,3.487583339,1.288125001,8.221791724
6/25/2018,17387.5,5.710041616,4.766708354,1.658291594,2.688916648,4.046000014,1.410083344,10.21491671
6/26/2018,17409.5,4.936449945,5.063650012,0.392600068,2.773499966,4.341899979,1.621949995,9.669099951
